scenario_id,run_label,cost_weight,emissions_weight,equity_weight,seed,iterations,run_id,iteration,current_objective,best_objective,accepted,event_case
balanced,Balanced Weights,1.0,1.0,1.0,42,1,balanced__iter_001__seed_42,1,-3.129414200195856,-3.129414200195856,True,improvement
balanced,Balanced Weights,1.0,1.0,1.0,42,4,balanced__iter_004__seed_42,1,-3.129414200195856,-3.129414200195856,True,improvement
balanced,Balanced Weights,1.0,1.0,1.0,42,4,balanced__iter_004__seed_42,2,-8.055753513667298,-8.055753513667298,True,improvement
balanced,Balanced Weights,1.0,1.0,1.0,42,4,balanced__iter_004__seed_42,3,-12.896508784730482,-12.896508784730482,True,improvement
balanced,Balanced Weights,1.0,1.0,1.0,42,4,balanced__iter_004__seed_42,4,-17.18425849972782,-17.18425849972782,True,improvement
balanced,Balanced Weights,1.0,1.0,1.0,42,16,balanced__iter_016__seed_42,1,-3.129414200195856,-3.129414200195856,True,improvement
balanced,Balanced Weights,1.0,1.0,1.0,42,16,balanced__iter_016__seed_42,2,-8.055753513667298,-8.055753513667298,True,improvement
balanced,Balanced Weights,1.0,1.0,1.0,42,16,balanced__iter_016__seed_42,3,-12.896508784730482,-12.896508784730482,True,improvement
balanced,Balanced Weights,1.0,1.0,1.0,42,16,balanced__iter_016__seed_42,4,-17.18425849972782,-17.18425849972782,True,improvement
balanced,Balanced Weights,1.0,1.0,1.0,42,16,balanced__iter_016__seed_42,5,-21.99114347264483,-21.99114347264483,True,improvement
balanced,Balanced Weights,1.0,1.0,1.0,42,16,balanced__iter_016__seed_42,6,-26.27396735191206,-26.27396735191206,True,improvement
balanced,Balanced Weights,1.0,1.0,1.0,42,16,balanced__iter_016__seed_42,7,-28.62106736701696,-28.62106736701696,True,improvement
balanced,Balanced Weights,1.0,1.0,1.0,42,16,balanced__iter_016__seed_42,8,-31.56287806030682,-31.56287806030682,True,improvement
balanced,Balanced Weights,1.0,1.0,1.0,42,16,balanced__iter_016__seed_42,9,-34.48008047449002,-34.48008047449002,True,improvement
balanced,Balanced Weights,1.0,1.0,1.0,42,16,balanced__iter_016__seed_42,10,-38.778397437468804,-38.778397437468804,True,improvement
balanced,Balanced Weights,1.0,1.0,1.0,42,16,balanced__iter_016__seed_42,11,-43.618311067092534,-43.618311067092534,True,improvement
balanced,Balanced Weights,1.0,1.0,1.0,42,16,balanced__iter_016__seed_42,12,-46.60586431071035,-46.60586431071035,True,improvement
balanced,Balanced Weights,1.0,1.0,1.0,42,16,balanced__iter_016__seed_42,13,-49.05945601994863,-49.05945601994863,True,improvement
balanced,Balanced Weights,1.0,1.0,1.0,42,16,balanced__iter_016__seed_42,14,-51.40758069744028,-51.40758069744028,True,improvement
balanced,Balanced Weights,1.0,1.0,1.0,42,16,balanced__iter_016__seed_42,15,-56.24733421928302,-56.24733421928302,True,improvement
balanced,Balanced Weights,1.0,1.0,1.0,42,16,balanced__iter_016__seed_42,16,-58.72207876132016,-58.72207876132016,True,improvement
balanced,Balanced Weights,1.0,1.0,1.0,42,64,balanced__iter_064__seed_42,1,-3.129414200195856,-3.129414200195856,True,improvement
balanced,Balanced Weights,1.0,1.0,1.0,42,64,balanced__iter_064__seed_42,2,-8.055753513667298,-8.055753513667298,True,improvement
balanced,Balanced Weights,1.0,1.0,1.0,42,64,balanced__iter_064__seed_42,3,-12.896508784730482,-12.896508784730482,True,improvement
balanced,Balanced Weights,1.0,1.0,1.0,42,64,balanced__iter_064__seed_42,4,-17.18425849972782,-17.18425849972782,True,improvement
balanced,Balanced Weights,1.0,1.0,1.0,42,64,balanced__iter_064__seed_42,5,-21.99114347264483,-21.99114347264483,True,improvement
balanced,Balanced Weights,1.0,1.0,1.0,42,64,balanced__iter_064__seed_42,6,-26.27396735191206,-26.27396735191206,True,improvement
balanced,Balanced Weights,1.0,1.0,1.0,42,64,balanced__iter_064__seed_42,7,-28.62106736701696,-28.62106736701696,True,improvement
balanced,Balanced Weights,1.0,1.0,1.0,42,64,balanced__iter_064__seed_42,8,-31.56287806030682,-31.56287806030682,True,improvement
balanced,Balanced Weights,1.0,1.0,1.0,42,64,balanced__iter_064__seed_42,9,-34.48008047449002,-34.48008047449002,True,improvement
balanced,Balanced Weights,1.0,1.0,1.0,42,64,balanced__iter_064__seed_42,10,-38.778397437468804,-38.778397437468804,True,improvement
balanced,Balanced Weights,1.0,1.0,1.0,42,64,balanced__iter_064__seed_42,11,-43.618311067092534,-43.618311067092534,True,improvement
balanced,Balanced Weights,1.0,1.0,1.0,42,64,balanced__iter_064__seed_42,12,-46.60586431071035,-46.60586431071035,True,improvement
balanced,Balanced Weights,1.0,1.0,1.0,42,64,balanced__iter_064__seed_42,13,-49.05945601994863,-49.05945601994863,True,improvement
balanced,Balanced Weights,1.0,1.0,1.0,42,64,balanced__iter_064__seed_42,14,-51.40758069744028,-51.40758069744028,True,improvement
balanced,Balanced Weights,1.0,1.0,1.0,42,64,balanced__iter_064__seed_42,15,-56.24733421928302,-56.24733421928302,True,improvement
balanced,Balanced Weights,1.0,1.0,1.0,42,64,balanced__iter_064__seed_42,16,-58.72207876132016,-58.72207876132016,True,improvement
balanced,Balanced Weights,1.0,1.0,1.0,42,64,balanced__iter_064__seed_42,17,-64.20252792379405,-64.20252792379405,True,improvement
balanced,Balanced Weights,1.0,1.0,1.0,42,64,balanced__iter_064__seed_42,18,-67.10793622834159,-67.10793622834159,True,improvement
balanced,Balanced Weights,1.0,1.0,1.0,42,64,balanced__iter_064__seed_42,19,-70.00951271668828,-70.00951271668828,True,improvement
balanced,Balanced Weights,1.0,1.0,1.0,42,64,balanced__iter_064__seed_42,20,-74.83808377047272,-74.83808377047272,True,improvement
balanced,Balanced Weights,1.0,1.0,1.0,42,64,balanced__iter_064__seed_42,21,-77.72121818925469,-77.72121818925469,True,improvement
balanced,Balanced Weights,1.0,1.0,1.0,42,64,balanced__iter_064__seed_42,22,-82.54990559439595,-82.54990559439595,True,improvement
balanced,Balanced Weights,1.0,1.0,1.0,42,64,balanced__iter_064__seed_42,23,-87.39070531507565,-87.39070531507565,True,improvement
balanced,Balanced Weights,1.0,1.0,1.0,42,64,balanced__iter_064__seed_42,24,-90.1233203685722,-90.1233203685722,True,improvement
balanced,Balanced Weights,1.0,1.0,1.0,42,64,balanced__iter_064__seed_42,25,-94.96453564590307,-94.96453564590307,True,improvement
balanced,Balanced Weights,1.0,1.0,1.0,42,64,balanced__iter_064__seed_42,26,-97.05189328335017,-97.05189328335017,True,improvement
balanced,Balanced Weights,1.0,1.0,1.0,42,64,balanced__iter_064__seed_42,27,-97.74519059302492,-97.74519059302492,True,improvement
balanced,Balanced Weights,1.0,1.0,1.0,42,64,balanced__iter_064__seed_42,28,-98.32073703480644,-98.32073703480644,True,improvement
balanced,Balanced Weights,1.0,1.0,1.0,42,64,balanced__iter_064__seed_42,29,-98.43476500016723,-98.43476500016723,True,improvement
balanced,Balanced Weights,1.0,1.0,1.0,42,64,balanced__iter_064__seed_42,30,-98.76888928472842,-98.76888928472842,True,improvement
balanced,Balanced Weights,1.0,1.0,1.0,42,64,balanced__iter_064__seed_42,31,-99.06230253451656,-99.06230253451656,True,improvement
balanced,Balanced Weights,1.0,1.0,1.0,42,64,balanced__iter_064__seed_42,32,-99.38565119794661,-99.38565119794661,True,improvement
balanced,Balanced Weights,1.0,1.0,1.0,42,64,balanced__iter_064__seed_42,33,-99.68348000051387,-99.68348000051387,True,improvement
balanced,Balanced Weights,1.0,1.0,1.0,42,64,balanced__iter_064__seed_42,34,-99.98243636906719,-99.98243636906719,True,improvement
balanced,Balanced Weights,1.0,1.0,1.0,42,64,balanced__iter_064__seed_42,35,-100.29804613954637,-100.29804613954637,True,improvement
balanced,Balanced Weights,1.0,1.0,1.0,42,64,balanced__iter_064__seed_42,36,-100.62780472727985,-100.62780472727985,True,improvement
balanced,Balanced Weights,1.0,1.0,1.0,42,64,balanced__iter_064__seed_42,37,-100.89698600246986,-100.89698600246986,True,improvement
balanced,Balanced Weights,1.0,1.0,1.0,42,64,balanced__iter_064__seed_42,38,-101.31389347261438,-101.31389347261438,True,improvement
balanced,Balanced Weights,1.0,1.0,1.0,42,64,balanced__iter_064__seed_42,39,-101.64529709428619,-101.64529709428619,True,improvement
balanced,Balanced Weights,1.0,1.0,1.0,42,64,balanced__iter_064__seed_42,40,-101.97656764727827,-101.97656764727827,True,improvement
balanced,Balanced Weights,1.0,1.0,1.0,42,64,balanced__iter_064__seed_42,41,-102.15740857217646,-102.15740857217646,True,improvement
balanced,Balanced Weights,1.0,1.0,1.0,42,64,balanced__iter_064__seed_42,42,-102.3845510186406,-102.3845510186406,True,improvement
balanced,Balanced Weights,1.0,1.0,1.0,42,64,balanced__iter_064__seed_42,43,-102.61292720777644,-102.61292720777644,True,improvement
balanced,Balanced Weights,1.0,1.0,1.0,42,64,balanced__iter_064__seed_42,44,-102.88174984834035,-102.88174984834035,True,improvement
balanced,Balanced Weights,1.0,1.0,1.0,42,64,balanced__iter_064__seed_42,45,-103.17572770881254,-103.17572770881254,True,improvement
balanced,Balanced Weights,1.0,1.0,1.0,42,64,balanced__iter_064__seed_42,46,-103.3842590405956,-103.3842590405956,True,improvement
balanced,Balanced Weights,1.0,1.0,1.0,42,64,balanced__iter_064__seed_42,47,-103.86504909022325,-103.86504909022325,True,improvement
balanced,Balanced Weights,1.0,1.0,1.0,42,64,balanced__iter_064__seed_42,48,-104.17823350707124,-104.17823350707124,True,improvement
balanced,Balanced Weights,1.0,1.0,1.0,42,64,balanced__iter_064__seed_42,49,-104.50716851679547,-104.50716851679547,True,improvement
balanced,Balanced Weights,1.0,1.0,1.0,42,64,balanced__iter_064__seed_42,50,-104.77073468292468,-104.77073468292468,True,improvement
balanced,Balanced Weights,1.0,1.0,1.0,42,64,balanced__iter_064__seed_42,51,-105.00392421557626,-105.00392421557626,True,improvement
balanced,Balanced Weights,1.0,1.0,1.0,42,64,balanced__iter_064__seed_42,52,-105.2390855719863,-105.2390855719863,True,improvement
balanced,Balanced Weights,1.0,1.0,1.0,42,64,balanced__iter_064__seed_42,53,-105.5442896650867,-105.5442896650867,True,improvement
balanced,Balanced Weights,1.0,1.0,1.0,42,64,balanced__iter_064__seed_42,54,-105.70515191292571,-105.70515191292571,True,improvement
balanced,Balanced Weights,1.0,1.0,1.0,42,64,balanced__iter_064__seed_42,55,-105.89507785009158,-105.89507785009158,True,improvement
balanced,Balanced Weights,1.0,1.0,1.0,42,64,balanced__iter_064__seed_42,56,-106.15112277769884,-106.15112277769884,True,improvement
balanced,Balanced Weights,1.0,1.0,1.0,42,64,balanced__iter_064__seed_42,57,-106.3112043758352,-106.3112043758352,True,improvement
balanced,Balanced Weights,1.0,1.0,1.0,42,64,balanced__iter_064__seed_42,58,-106.62354741718283,-106.62354741718283,True,improvement
balanced,Balanced Weights,1.0,1.0,1.0,42,64,balanced__iter_064__seed_42,59,-106.89327661702022,-106.89327661702022,True,improvement
balanced,Balanced Weights,1.0,1.0,1.0,42,64,balanced__iter_064__seed_42,60,-107.10805465024792,-107.10805465024792,True,improvement
balanced,Balanced Weights,1.0,1.0,1.0,42,64,balanced__iter_064__seed_42,61,-107.29505410313475,-107.29505410313475,True,improvement
balanced,Balanced Weights,1.0,1.0,1.0,42,64,balanced__iter_064__seed_42,62,-107.52656735508617,-107.52656735508617,True,improvement
balanced,Balanced Weights,1.0,1.0,1.0,42,64,balanced__iter_064__seed_42,63,-107.69770954629057,-107.69770954629057,True,improvement
balanced,Balanced Weights,1.0,1.0,1.0,42,64,balanced__iter_064__seed_42,64,-107.88667189103415,-107.88667189103415,True,improvement
cost_priority,Cost Priority,1.5,0.75,0.75,42,1,cost_priority__iter_001__seed_42,1,-2.341745549292363,-2.341745549292363,True,improvement
cost_priority,Cost Priority,1.5,0.75,0.75,42,4,cost_priority__iter_004__seed_42,1,-2.341745549292363,-2.341745549292363,True,improvement
cost_priority,Cost Priority,1.5,0.75,0.75,42,4,cost_priority__iter_004__seed_42,2,-6.043573850329624,-6.043573850329624,True,improvement
cost_priority,Cost Priority,1.5,0.75,0.75,42,4,cost_priority__iter_004__seed_42,3,-9.681564497150804,-9.681564497150804,True,improvement
cost_priority,Cost Priority,1.5,0.75,0.75,42,4,cost_priority__iter_004__seed_42,4,-12.909608711749378,-12.909608711749378,True,improvement
cost_priority,Cost Priority,1.5,0.75,0.75,42,16,cost_priority__iter_016__seed_42,1,-2.341745549292363,-2.341745549292363,True,improvement
cost_priority,Cost Priority,1.5,0.75,0.75,42,16,cost_priority__iter_016__seed_42,2,-6.043573850329624,-6.043573850329624,True,improvement
cost_priority,Cost Priority,1.5,0.75,0.75,42,16,cost_priority__iter_016__seed_42,3,-9.681564497150804,-9.681564497150804,True,improvement
cost_priority,Cost Priority,1.5,0.75,0.75,42,16,cost_priority__iter_016__seed_42,4,-12.909608711749378,-12.909608711749378,True,improvement
cost_priority,Cost Priority,1.5,0.75,0.75,42,16,cost_priority__iter_016__seed_42,5,-16.54739706543881,-16.54739706543881,True,improvement
cost_priority,Cost Priority,1.5,0.75,0.75,42,16,cost_priority__iter_016__seed_42,6,-19.780410258742176,-19.780410258742176,True,improvement
cost_priority,Cost Priority,1.5,0.75,0.75,42,16,cost_priority__iter_016__seed_42,7,-21.469929621374085,-21.469929621374085,True,improvement
cost_priority,Cost Priority,1.5,0.75,0.75,42,16,cost_priority__iter_016__seed_42,8,-23.714823042006337,-23.714823042006337,True,improvement
cost_priority,Cost Priority,1.5,0.75,0.75,42,16,cost_priority__iter_016__seed_42,9,-25.845852564149254,-25.845852564149254,True,improvement
cost_priority,Cost Priority,1.5,0.75,0.75,42,16,cost_priority__iter_016__seed_42,10,-28.99735633782547,-28.99735633782547,True,improvement
cost_priority,Cost Priority,1.5,0.75,0.75,42,16,cost_priority__iter_016__seed_42,11,-32.63497936836903,-32.63497936836903,True,improvement
cost_priority,Cost Priority,1.5,0.75,0.75,42,16,cost_priority__iter_016__seed_42,12,-34.802657540547315,-34.802657540547315,True,improvement
cost_priority,Cost Priority,1.5,0.75,0.75,42,16,cost_priority__iter_016__seed_42,13,-36.664746588797364,-36.664746588797364,True,improvement
cost_priority,Cost Priority,1.5,0.75,0.75,42,16,cost_priority__iter_016__seed_42,14,-38.35518294859208,-38.35518294859208,True,improvement
cost_priority,Cost Priority,1.5,0.75,0.75,42,16,cost_priority__iter_016__seed_42,15,-41.99573149948978,-41.99573149948978,True,improvement
cost_priority,Cost Priority,1.5,0.75,0.75,42,16,cost_priority__iter_016__seed_42,16,-43.86024518078854,-43.86024518078854,True,improvement
cost_priority,Cost Priority,1.5,0.75,0.75,42,64,cost_priority__iter_064__seed_42,1,-2.341745549292363,-2.341745549292363,True,improvement
cost_priority,Cost Priority,1.5,0.75,0.75,42,64,cost_priority__iter_064__seed_42,2,-6.043573850329624,-6.043573850329624,True,improvement
cost_priority,Cost Priority,1.5,0.75,0.75,42,64,cost_priority__iter_064__seed_42,3,-9.681564497150804,-9.681564497150804,True,improvement
cost_priority,Cost Priority,1.5,0.75,0.75,42,64,cost_priority__iter_064__seed_42,4,-12.909608711749378,-12.909608711749378,True,improvement
cost_priority,Cost Priority,1.5,0.75,0.75,42,64,cost_priority__iter_064__seed_42,5,-16.54739706543881,-16.54739706543881,True,improvement
cost_priority,Cost Priority,1.5,0.75,0.75,42,64,cost_priority__iter_064__seed_42,6,-19.780410258742176,-19.780410258742176,True,improvement
cost_priority,Cost Priority,1.5,0.75,0.75,42,64,cost_priority__iter_064__seed_42,7,-21.469929621374085,-21.469929621374085,True,improvement
cost_priority,Cost Priority,1.5,0.75,0.75,42,64,cost_priority__iter_064__seed_42,8,-23.714823042006337,-23.714823042006337,True,improvement
cost_priority,Cost Priority,1.5,0.75,0.75,42,64,cost_priority__iter_064__seed_42,9,-25.845852564149254,-25.845852564149254,True,improvement
cost_priority,Cost Priority,1.5,0.75,0.75,42,64,cost_priority__iter_064__seed_42,10,-28.99735633782547,-28.99735633782547,True,improvement
cost_priority,Cost Priority,1.5,0.75,0.75,42,64,cost_priority__iter_064__seed_42,11,-32.63497936836903,-32.63497936836903,True,improvement
cost_priority,Cost Priority,1.5,0.75,0.75,42,64,cost_priority__iter_064__seed_42,12,-34.802657540547315,-34.802657540547315,True,improvement
cost_priority,Cost Priority,1.5,0.75,0.75,42,64,cost_priority__iter_064__seed_42,13,-36.664746588797364,-36.664746588797364,True,improvement
cost_priority,Cost Priority,1.5,0.75,0.75,42,64,cost_priority__iter_064__seed_42,14,-38.35518294859208,-38.35518294859208,True,improvement
cost_priority,Cost Priority,1.5,0.75,0.75,42,64,cost_priority__iter_064__seed_42,15,-41.99573149948978,-41.99573149948978,True,improvement
cost_priority,Cost Priority,1.5,0.75,0.75,42,64,cost_priority__iter_064__seed_42,16,-43.86024518078854,-43.86024518078854,True,improvement
cost_priority,Cost Priority,1.5,0.75,0.75,42,64,cost_priority__iter_064__seed_42,17,-47.975977675969595,-47.975977675969595,True,improvement
cost_priority,Cost Priority,1.5,0.75,0.75,42,64,cost_priority__iter_064__seed_42,18,-50.215808383098675,-50.215808383098675,True,improvement
cost_priority,Cost Priority,1.5,0.75,0.75,42,64,cost_priority__iter_064__seed_42,19,-52.441788445150976,-52.441788445150976,True,improvement
cost_priority,Cost Priority,1.5,0.75,0.75,42,64,cost_priority__iter_064__seed_42,20,-56.08245116395883,-56.08245116395883,True,improvement
cost_priority,Cost Priority,1.5,0.75,0.75,42,64,cost_priority__iter_064__seed_42,21,-58.19469709367547,-58.19469709367547,True,improvement
cost_priority,Cost Priority,1.5,0.75,0.75,42,64,cost_priority__iter_064__seed_42,22,-61.83550845076395,-61.83550845076395,True,improvement
cost_priority,Cost Priority,1.5,0.75,0.75,42,64,cost_priority__iter_064__seed_42,23,-65.47655130949752,-65.47655130949752,True,improvement
cost_priority,Cost Priority,1.5,0.75,0.75,42,64,cost_priority__iter_064__seed_42,24,-67.5425534853611,-67.5425534853611,True,improvement
cost_priority,Cost Priority,1.5,0.75,0.75,42,64,cost_priority__iter_064__seed_42,25,-71.18145907603854,-71.18145907603854,True,improvement
cost_priority,Cost Priority,1.5,0.75,0.75,42,64,cost_priority__iter_064__seed_42,26,-72.77298411388382,-72.77298411388382,True,improvement
cost_priority,Cost Priority,1.5,0.75,0.75,42,64,cost_priority__iter_064__seed_42,27,-73.67348975789187,-73.67348975789187,True,improvement
cost_priority,Cost Priority,1.5,0.75,0.75,42,64,cost_priority__iter_064__seed_42,28,-74.1053529392455,-74.1053529392455,True,improvement
cost_priority,Cost Priority,1.5,0.75,0.75,42,64,cost_priority__iter_064__seed_42,29,-74.29674096165812,-74.29674096165812,True,improvement
cost_priority,Cost Priority,1.5,0.75,0.75,42,64,cost_priority__iter_064__seed_42,30,-74.56162810524081,-74.56162810524081,True,improvement
cost_priority,Cost Priority,1.5,0.75,0.75,42,64,cost_priority__iter_064__seed_42,31,-74.79656583574038,-74.79656583574038,True,improvement
cost_priority,Cost Priority,1.5,0.75,0.75,42,64,cost_priority__iter_064__seed_42,32,-75.06381597821677,-75.06381597821677,True,improvement
cost_priority,Cost Priority,1.5,0.75,0.75,42,64,cost_priority__iter_064__seed_42,33,-75.23187536871845,-75.23187536871845,True,improvement
cost_priority,Cost Priority,1.5,0.75,0.75,42,64,cost_priority__iter_064__seed_42,34,-75.36422290814596,-75.36422290814596,True,improvement
cost_priority,Cost Priority,1.5,0.75,0.75,42,64,cost_priority__iter_064__seed_42,35,-75.66612397507198,-75.66612397507198,True,improvement
cost_priority,Cost Priority,1.5,0.75,0.75,42,64,cost_priority__iter_064__seed_42,36,-76.06924075020699,-76.06924075020699,True,improvement
cost_priority,Cost Priority,1.5,0.75,0.75,42,64,cost_priority__iter_064__seed_42,37,-76.28346308154387,-76.28346308154387,True,improvement
cost_priority,Cost Priority,1.5,0.75,0.75,42,64,cost_priority__iter_064__seed_42,38,-76.51413995184458,-76.51413995184458,True,improvement
cost_priority,Cost Priority,1.5,0.75,0.75,42,64,cost_priority__iter_064__seed_42,39,-76.78489688893546,-76.78489688893546,True,improvement
cost_priority,Cost Priority,1.5,0.75,0.75,42,64,cost_priority__iter_064__seed_42,40,-77.05568556710828,-77.05568556710828,True,improvement
cost_priority,Cost Priority,1.5,0.75,0.75,42,64,cost_priority__iter_064__seed_42,41,-77.23324402364914,-77.23324402364914,True,improvement
cost_priority,Cost Priority,1.5,0.75,0.75,42,64,cost_priority__iter_064__seed_42,42,-77.50407722350131,-77.50407722350131,True,improvement
cost_priority,Cost Priority,1.5,0.75,0.75,42,64,cost_priority__iter_064__seed_42,43,-77.72007097662211,-77.72007097662211,True,improvement
cost_priority,Cost Priority,1.5,0.75,0.75,42,64,cost_priority__iter_064__seed_42,44,-77.96469848434556,-77.96469848434556,True,improvement
cost_priority,Cost Priority,1.5,0.75,0.75,42,64,cost_priority__iter_064__seed_42,45,-78.22374201652174,-78.22374201652174,True,improvement
cost_priority,Cost Priority,1.5,0.75,0.75,42,64,cost_priority__iter_064__seed_42,46,-78.37757092672526,-78.37757092672526,True,improvement
cost_priority,Cost Priority,1.5,0.75,0.75,42,64,cost_priority__iter_064__seed_42,47,-78.63434963494413,-78.63434963494413,True,improvement
cost_priority,Cost Priority,1.5,0.75,0.75,42,64,cost_priority__iter_064__seed_42,48,-78.90178583268657,-78.90178583268657,True,improvement
cost_priority,Cost Priority,1.5,0.75,0.75,42,64,cost_priority__iter_064__seed_42,49,-79.17634902492046,-79.17634902492046,True,improvement
cost_priority,Cost Priority,1.5,0.75,0.75,42,64,cost_priority__iter_064__seed_42,50,-79.3709087379435,-79.3709087379435,True,improvement
cost_priority,Cost Priority,1.5,0.75,0.75,42,64,cost_priority__iter_064__seed_42,51,-79.63882902899707,-79.63882902899707,True,improvement
cost_priority,Cost Priority,1.5,0.75,0.75,42,64,cost_priority__iter_064__seed_42,52,-79.83908612945781,-79.83908612945781,True,improvement
cost_priority,Cost Priority,1.5,0.75,0.75,42,64,cost_priority__iter_064__seed_42,53,-80.06684339434233,-80.06684339434233,True,improvement
cost_priority,Cost Priority,1.5,0.75,0.75,42,64,cost_priority__iter_064__seed_42,54,-80.26157160874035,-80.26157160874035,True,improvement
cost_priority,Cost Priority,1.5,0.75,0.75,42,64,cost_priority__iter_064__seed_42,55,-80.49053663714545,-80.49053663714545,True,improvement
cost_priority,Cost Priority,1.5,0.75,0.75,42,64,cost_priority__iter_064__seed_42,56,-80.63089811626506,-80.63089811626506,True,improvement
cost_priority,Cost Priority,1.5,0.75,0.75,42,64,cost_priority__iter_064__seed_42,57,-80.87058293136778,-80.87058293136778,True,improvement
cost_priority,Cost Priority,1.5,0.75,0.75,42,64,cost_priority__iter_064__seed_42,58,-81.138226979379,-81.138226979379,True,improvement
cost_priority,Cost Priority,1.5,0.75,0.75,42,64,cost_priority__iter_064__seed_42,59,-81.40601031233876,-81.40601031233876,True,improvement
cost_priority,Cost Priority,1.5,0.75,0.75,42,64,cost_priority__iter_064__seed_42,60,-81.62080480222487,-81.62080480222487,True,improvement
cost_priority,Cost Priority,1.5,0.75,0.75,42,64,cost_priority__iter_064__seed_42,61,-81.83579047155445,-81.83579047155445,True,improvement
cost_priority,Cost Priority,1.5,0.75,0.75,42,64,cost_priority__iter_064__seed_42,62,-82.06584638113983,-82.06584638113983,True,improvement
cost_priority,Cost Priority,1.5,0.75,0.75,42,64,cost_priority__iter_064__seed_42,63,-82.19398255896566,-82.19398255896566,True,improvement
cost_priority,Cost Priority,1.5,0.75,0.75,42,64,cost_priority__iter_064__seed_42,64,-82.42781049981775,-82.42781049981775,True,improvement
emissions_priority,Emissions Priority,0.75,1.5,0.75,42,1,emissions_priority__iter_001__seed_42,1,-2.16153134436651,-2.16153134436651,True,improvement
emissions_priority,Emissions Priority,0.75,1.5,0.75,42,4,emissions_priority__iter_004__seed_42,1,-2.16153134436651,-2.16153134436651,True,improvement
emissions_priority,Emissions Priority,0.75,1.5,0.75,42,4,emissions_priority__iter_004__seed_42,2,-5.8136006622582155,-5.8136006622582155,True,improvement
emissions_priority,Emissions Priority,0.75,1.5,0.75,42,4,emissions_priority__iter_004__seed_42,3,-9.425440399699555,-9.425440399699555,True,improvement
emissions_priority,Emissions Priority,0.75,1.5,0.75,42,4,emissions_priority__iter_004__seed_42,4,-12.667325616461252,-12.667325616461252,True,improvement
emissions_priority,Emissions Priority,0.75,1.5,0.75,42,16,emissions_priority__iter_016__seed_42,1,-2.16153134436651,-2.16153134436651,True,improvement
emissions_priority,Emissions Priority,0.75,1.5,0.75,42,16,emissions_priority__iter_016__seed_42,2,-5.8136006622582155,-5.8136006622582155,True,improvement
emissions_priority,Emissions Priority,0.75,1.5,0.75,42,16,emissions_priority__iter_016__seed_42,3,-9.425440399699555,-9.425440399699555,True,improvement
emissions_priority,Emissions Priority,0.75,1.5,0.75,42,16,emissions_priority__iter_016__seed_42,4,-12.667325616461252,-12.667325616461252,True,improvement
emissions_priority,Emissions Priority,0.75,1.5,0.75,42,16,emissions_priority__iter_016__seed_42,5,-16.25009647184571,-16.25009647184571,True,improvement
emissions_priority,Emissions Priority,0.75,1.5,0.75,42,16,emissions_priority__iter_016__seed_42,6,-19.46816239069159,-19.46816239069159,True,improvement
emissions_priority,Emissions Priority,0.75,1.5,0.75,42,16,emissions_priority__iter_016__seed_42,7,-21.198746458508285,-21.198746458508285,True,improvement
emissions_priority,Emissions Priority,0.75,1.5,0.75,42,16,emissions_priority__iter_016__seed_42,8,-23.405425778303666,-23.405425778303666,True,improvement
emissions_priority,Emissions Priority,0.75,1.5,0.75,42,16,emissions_priority__iter_016__seed_42,9,-25.452432149488054,-25.452432149488054,True,improvement
emissions_priority,Emissions Priority,0.75,1.5,0.75,42,16,emissions_priority__iter_016__seed_42,10,-28.627618477149174,-28.627618477149174,True,improvement
emissions_priority,Emissions Priority,0.75,1.5,0.75,42,16,emissions_priority__iter_016__seed_42,11,-32.23882462696648,-32.23882462696648,True,improvement
emissions_priority,Emissions Priority,0.75,1.5,0.75,42,16,emissions_priority__iter_016__seed_42,12,-34.36202768007371,-34.36202768007371,True,improvement
emissions_priority,Emissions Priority,0.75,1.5,0.75,42,16,emissions_priority__iter_016__seed_42,13,-36.06161355728008,-36.06161355728008,True,improvement
emissions_priority,Emissions Priority,0.75,1.5,0.75,42,16,emissions_priority__iter_016__seed_42,14,-37.77354197443863,-37.77354197443863,True,improvement
emissions_priority,Emissions Priority,0.75,1.5,0.75,42,16,emissions_priority__iter_016__seed_42,15,-41.384621927850816,-41.384621927850816,True,improvement
emissions_priority,Emissions Priority,0.75,1.5,0.75,42,16,emissions_priority__iter_016__seed_42,16,-43.0645838691843,-43.0645838691843,True,improvement
emissions_priority,Emissions Priority,0.75,1.5,0.75,42,64,emissions_priority__iter_064__seed_42,1,-2.16153134436651,-2.16153134436651,True,improvement
emissions_priority,Emissions Priority,0.75,1.5,0.75,42,64,emissions_priority__iter_064__seed_42,2,-5.8136006622582155,-5.8136006622582155,True,improvement
emissions_priority,Emissions Priority,0.75,1.5,0.75,42,64,emissions_priority__iter_064__seed_42,3,-9.425440399699555,-9.425440399699555,True,improvement
emissions_priority,Emissions Priority,0.75,1.5,0.75,42,64,emissions_priority__iter_064__seed_42,4,-12.667325616461252,-12.667325616461252,True,improvement
emissions_priority,Emissions Priority,0.75,1.5,0.75,42,64,emissions_priority__iter_064__seed_42,5,-16.25009647184571,-16.25009647184571,True,improvement
emissions_priority,Emissions Priority,0.75,1.5,0.75,42,64,emissions_priority__iter_064__seed_42,6,-19.46816239069159,-19.46816239069159,True,improvement
emissions_priority,Emissions Priority,0.75,1.5,0.75,42,64,emissions_priority__iter_064__seed_42,7,-21.198746458508285,-21.198746458508285,True,improvement
emissions_priority,Emissions Priority,0.75,1.5,0.75,42,64,emissions_priority__iter_064__seed_42,8,-23.405425778303666,-23.405425778303666,True,improvement
emissions_priority,Emissions Priority,0.75,1.5,0.75,42,64,emissions_priority__iter_064__seed_42,9,-25.452432149488054,-25.452432149488054,True,improvement
emissions_priority,Emissions Priority,0.75,1.5,0.75,42,64,emissions_priority__iter_064__seed_42,10,-28.627618477149174,-28.627618477149174,True,improvement
emissions_priority,Emissions Priority,0.75,1.5,0.75,42,64,emissions_priority__iter_064__seed_42,11,-32.23882462696648,-32.23882462696648,True,improvement
emissions_priority,Emissions Priority,0.75,1.5,0.75,42,64,emissions_priority__iter_064__seed_42,12,-34.36202768007371,-34.36202768007371,True,improvement
emissions_priority,Emissions Priority,0.75,1.5,0.75,42,64,emissions_priority__iter_064__seed_42,13,-36.06161355728008,-36.06161355728008,True,improvement
emissions_priority,Emissions Priority,0.75,1.5,0.75,42,64,emissions_priority__iter_064__seed_42,14,-37.77354197443863,-37.77354197443863,True,improvement
emissions_priority,Emissions Priority,0.75,1.5,0.75,42,64,emissions_priority__iter_064__seed_42,15,-41.384621927850816,-41.384621927850816,True,improvement
emissions_priority,Emissions Priority,0.75,1.5,0.75,42,64,emissions_priority__iter_064__seed_42,16,-43.0645838691843,-43.0645838691843,True,improvement
emissions_priority,Emissions Priority,0.75,1.5,0.75,42,64,emissions_priority__iter_064__seed_42,17,-47.087425478160334,-47.087425478160334,True,improvement
emissions_priority,Emissions Priority,0.75,1.5,0.75,42,64,emissions_priority__iter_064__seed_42,18,-49.28905581703748,-49.28905581703748,True,improvement
emissions_priority,Emissions Priority,0.75,1.5,0.75,42,64,emissions_priority__iter_064__seed_42,19,-51.476846302644255,-51.476846302644255,True,improvement
emissions_priority,Emissions Priority,0.75,1.5,0.75,42,64,emissions_priority__iter_064__seed_42,20,-55.040034001598585,-55.040034001598585,True,improvement
emissions_priority,Emissions Priority,0.75,1.5,0.75,42,64,emissions_priority__iter_064__seed_42,21,-56.578434888850964,-56.578434888850964,True,improvement
emissions_priority,Emissions Priority,0.75,1.5,0.75,42,64,emissions_priority__iter_064__seed_42,22,-60.161470928071786,-60.161470928071786,True,improvement
emissions_priority,Emissions Priority,0.75,1.5,0.75,42,64,emissions_priority__iter_064__seed_42,23,-63.77330557677752,-63.77330557677752,True,improvement
emissions_priority,Emissions Priority,0.75,1.5,0.75,42,64,emissions_priority__iter_064__seed_42,24,-65.82034667521712,-65.82034667521712,True,improvement
emissions_priority,Emissions Priority,0.75,1.5,0.75,42,64,emissions_priority__iter_064__seed_42,25,-69.43247816651342,-69.43247816651342,True,improvement
emissions_priority,Emissions Priority,0.75,1.5,0.75,42,64,emissions_priority__iter_064__seed_42,26,-70.79353836715596,-70.79353836715596,True,improvement
emissions_priority,Emissions Priority,0.75,1.5,0.75,42,64,emissions_priority__iter_064__seed_42,27,-71.61863293195223,-71.61863293195223,True,improvement
emissions_priority,Emissions Priority,0.75,1.5,0.75,42,64,emissions_priority__iter_064__seed_42,28,-72.93143174847292,-72.93143174847292,True,improvement
emissions_priority,Emissions Priority,0.75,1.5,0.75,42,64,emissions_priority__iter_064__seed_42,29,-73.32446056393859,-73.32446056393859,True,improvement
emissions_priority,Emissions Priority,0.75,1.5,0.75,42,64,emissions_priority__iter_064__seed_42,30,-73.86766952306101,-73.86766952306101,True,improvement
emissions_priority,Emissions Priority,0.75,1.5,0.75,42,64,emissions_priority__iter_064__seed_42,31,-74.34651637043616,-74.34651637043616,True,improvement
emissions_priority,Emissions Priority,0.75,1.5,0.75,42,64,emissions_priority__iter_064__seed_42,32,-75.0158029273813,-75.0158029273813,True,improvement
emissions_priority,Emissions Priority,0.75,1.5,0.75,42,64,emissions_priority__iter_064__seed_42,33,-75.55234132008886,-75.55234132008886,True,improvement
emissions_priority,Emissions Priority,0.75,1.5,0.75,42,64,emissions_priority__iter_064__seed_42,34,-76.1645055335778,-76.1645055335778,True,improvement
emissions_priority,Emissions Priority,0.75,1.5,0.75,42,64,emissions_priority__iter_064__seed_42,35,-76.78939441109375,-76.78939441109375,True,improvement
emissions_priority,Emissions Priority,0.75,1.5,0.75,42,64,emissions_priority__iter_064__seed_42,36,-77.39385714651307,-77.39385714651307,True,improvement
emissions_priority,Emissions Priority,0.75,1.5,0.75,42,64,emissions_priority__iter_064__seed_42,37,-77.62591067930568,-77.62591067930568,True,improvement
emissions_priority,Emissions Priority,0.75,1.5,0.75,42,64,emissions_priority__iter_064__seed_42,38,-78.13874408256096,-78.13874408256096,True,improvement
emissions_priority,Emissions Priority,0.75,1.5,0.75,42,64,emissions_priority__iter_064__seed_42,39,-78.55117320729447,-78.55117320729447,True,improvement
emissions_priority,Emissions Priority,0.75,1.5,0.75,42,64,emissions_priority__iter_064__seed_42,40,-79.30958246764374,-79.30958246764374,True,improvement
emissions_priority,Emissions Priority,0.75,1.5,0.75,42,64,emissions_priority__iter_064__seed_42,41,-79.70199699986658,-79.70199699986658,True,improvement
emissions_priority,Emissions Priority,0.75,1.5,0.75,42,64,emissions_priority__iter_064__seed_42,42,-80.05376644291042,-80.05376644291042,True,improvement
emissions_priority,Emissions Priority,0.75,1.5,0.75,42,64,emissions_priority__iter_064__seed_42,43,-80.50677650921112,-80.50677650921112,True,improvement
emissions_priority,Emissions Priority,0.75,1.5,0.75,42,64,emissions_priority__iter_064__seed_42,44,-80.93675237372885,-80.93675237372885,True,improvement
emissions_priority,Emissions Priority,0.75,1.5,0.75,42,64,emissions_priority__iter_064__seed_42,45,-81.37586407663137,-81.37586407663137,True,improvement
emissions_priority,Emissions Priority,0.75,1.5,0.75,42,64,emissions_priority__iter_064__seed_42,46,-81.97629934622577,-81.97629934622577,True,improvement
emissions_priority,Emissions Priority,0.75,1.5,0.75,42,64,emissions_priority__iter_064__seed_42,47,-82.50383844608328,-82.50383844608328,True,improvement
emissions_priority,Emissions Priority,0.75,1.5,0.75,42,64,emissions_priority__iter_064__seed_42,48,-82.78707141522398,-82.78707141522398,True,improvement
emissions_priority,Emissions Priority,0.75,1.5,0.75,42,64,emissions_priority__iter_064__seed_42,49,-83.24155600395719,-83.24155600395719,True,improvement
emissions_priority,Emissions Priority,0.75,1.5,0.75,42,64,emissions_priority__iter_064__seed_42,50,-83.74556111514369,-83.74556111514369,True,improvement
emissions_priority,Emissions Priority,0.75,1.5,0.75,42,64,emissions_priority__iter_064__seed_42,51,-84.20002172478769,-84.20002172478769,True,improvement
emissions_priority,Emissions Priority,0.75,1.5,0.75,42,64,emissions_priority__iter_064__seed_42,52,-84.59199718377948,-84.59199718377948,True,improvement
emissions_priority,Emissions Priority,0.75,1.5,0.75,42,64,emissions_priority__iter_064__seed_42,53,-85.04642684017942,-85.04642684017942,True,improvement
emissions_priority,Emissions Priority,0.75,1.5,0.75,42,64,emissions_priority__iter_064__seed_42,54,-85.79121735687441,-85.79121735687441,True,improvement
emissions_priority,Emissions Priority,0.75,1.5,0.75,42,64,emissions_priority__iter_064__seed_42,55,-86.18024087487612,-86.18024087487612,True,improvement
emissions_priority,Emissions Priority,0.75,1.5,0.75,42,64,emissions_priority__iter_064__seed_42,56,-86.49217961904854,-86.49217961904854,True,improvement
emissions_priority,Emissions Priority,0.75,1.5,0.75,42,64,emissions_priority__iter_064__seed_42,57,-86.75697190990913,-86.75697190990913,True,improvement
emissions_priority,Emissions Priority,0.75,1.5,0.75,42,64,emissions_priority__iter_064__seed_42,58,-87.26101754167807,-87.26101754167807,True,improvement
emissions_priority,Emissions Priority,0.75,1.5,0.75,42,64,emissions_priority__iter_064__seed_42,59,-87.72596429136371,-87.72596429136371,True,improvement
emissions_priority,Emissions Priority,0.75,1.5,0.75,42,64,emissions_priority__iter_064__seed_42,60,-88.15088345913487,-88.15088345913487,True,improvement
emissions_priority,Emissions Priority,0.75,1.5,0.75,42,64,emissions_priority__iter_064__seed_42,61,-88.46036113990759,-88.46036113990759,True,improvement
emissions_priority,Emissions Priority,0.75,1.5,0.75,42,64,emissions_priority__iter_064__seed_42,62,-88.77204492560463,-88.77204492560463,True,improvement
emissions_priority,Emissions Priority,0.75,1.5,0.75,42,64,emissions_priority__iter_064__seed_42,63,-89.07813764352746,-89.07813764352746,True,improvement
emissions_priority,Emissions Priority,0.75,1.5,0.75,42,64,emissions_priority__iter_064__seed_42,64,-89.42988898370571,-89.42988898370571,True,improvement
equity_priority,Equity Priority,0.75,0.75,1.5,42,1,equity_priority__iter_001__seed_42,1,-4.905193270105045,-4.905193270105045,True,improvement
equity_priority,Equity Priority,0.75,0.75,1.5,42,4,equity_priority__iter_004__seed_42,1,-4.905193270105045,-4.905193270105045,True,improvement
equity_priority,Equity Priority,0.75,0.75,1.5,42,4,equity_priority__iter_004__seed_42,2,-12.330317167962368,-12.330317167962368,True,improvement
equity_priority,Equity Priority,0.75,0.75,1.5,42,4,equity_priority__iter_004__seed_42,3,-19.6353431802967,-19.6353431802967,True,improvement
equity_priority,Equity Priority,0.75,0.75,1.5,42,4,equity_priority__iter_004__seed_42,4,-26.101792603489635,-26.101792603489635,True,improvement
equity_priority,Equity Priority,0.75,0.75,1.5,42,16,equity_priority__iter_016__seed_42,1,-4.905193270105045,-4.905193270105045,True,improvement
equity_priority,Equity Priority,0.75,0.75,1.5,42,16,equity_priority__iter_016__seed_42,2,-12.330317167962368,-12.330317167962368,True,improvement
equity_priority,Equity Priority,0.75,0.75,1.5,42,16,equity_priority__iter_016__seed_42,3,-19.6353431802967,-19.6353431802967,True,improvement
equity_priority,Equity Priority,0.75,0.75,1.5,42,16,equity_priority__iter_016__seed_42,4,-26.101792603489635,-26.101792603489635,True,improvement
equity_priority,Equity Priority,0.75,0.75,1.5,42,16,equity_priority__iter_016__seed_42,5,-33.3015778183013,-33.3015778183013,True,improvement
equity_priority,Equity Priority,0.75,0.75,1.5,42,16,equity_priority__iter_016__seed_42,6,-39.77693821357483,-39.77693821357483,True,improvement
equity_priority,Equity Priority,0.75,0.75,1.5,42,16,equity_priority__iter_016__seed_42,7,-43.48489026533437,-43.48489026533437,True,improvement
equity_priority,Equity Priority,0.75,0.75,1.5,42,16,equity_priority__iter_016__seed_42,8,-48.01863895975524,-48.01863895975524,True,improvement
equity_priority,Equity Priority,0.75,0.75,1.5,42,16,equity_priority__iter_016__seed_42,9,-52.51546740632247,-52.51546740632247,True,improvement
equity_priority,Equity Priority,0.75,0.75,1.5,42,16,equity_priority__iter_016__seed_42,10,-59.07758014502695,-59.07758014502695,True,improvement
equity_priority,Equity Priority,0.75,0.75,1.5,42,16,equity_priority__iter_016__seed_42,11,-66.3821734972426,-66.3821734972426,True,improvement
equity_priority,Equity Priority,0.75,0.75,1.5,42,16,equity_priority__iter_016__seed_42,12,-71.0536737208781,-71.0536737208781,True,improvement
equity_priority,Equity Priority,0.75,0.75,1.5,42,16,equity_priority__iter_016__seed_42,13,-74.85247894188304,-74.85247894188304,True,improvement
equity_priority,Equity Priority,0.75,0.75,1.5,42,16,equity_priority__iter_016__seed_42,14,-78.56171942214024,-78.56171942214024,True,improvement
equity_priority,Equity Priority,0.75,0.75,1.5,42,16,equity_priority__iter_016__seed_42,15,-85.86609372065844,-85.86609372065844,True,improvement
equity_priority,Equity Priority,0.75,0.75,1.5,42,16,equity_priority__iter_016__seed_42,16,-89.7466135386304,-89.7466135386304,True,improvement
equity_priority,Equity Priority,0.75,0.75,1.5,42,64,equity_priority__iter_064__seed_42,1,-4.905193270105045,-4.905193270105045,True,improvement
equity_priority,Equity Priority,0.75,0.75,1.5,42,64,equity_priority__iter_064__seed_42,2,-12.330317167962368,-12.330317167962368,True,improvement
equity_priority,Equity Priority,0.75,0.75,1.5,42,64,equity_priority__iter_064__seed_42,3,-19.6353431802967,-19.6353431802967,True,improvement
equity_priority,Equity Priority,0.75,0.75,1.5,42,64,equity_priority__iter_064__seed_42,4,-26.101792603489635,-26.101792603489635,True,improvement
equity_priority,Equity Priority,0.75,0.75,1.5,42,64,equity_priority__iter_064__seed_42,5,-33.3015778183013,-33.3015778183013,True,improvement
equity_priority,Equity Priority,0.75,0.75,1.5,42,64,equity_priority__iter_064__seed_42,6,-39.77693821357483,-39.77693821357483,True,improvement
equity_priority,Equity Priority,0.75,0.75,1.5,42,64,equity_priority__iter_064__seed_42,7,-43.48489026533437,-43.48489026533437,True,improvement
equity_priority,Equity Priority,0.75,0.75,1.5,42,64,equity_priority__iter_064__seed_42,8,-48.01863895975524,-48.01863895975524,True,improvement
equity_priority,Equity Priority,0.75,0.75,1.5,42,64,equity_priority__iter_064__seed_42,9,-52.51546740632247,-52.51546740632247,True,improvement
equity_priority,Equity Priority,0.75,0.75,1.5,42,64,equity_priority__iter_064__seed_42,10,-59.07758014502695,-59.07758014502695,True,improvement
equity_priority,Equity Priority,0.75,0.75,1.5,42,64,equity_priority__iter_064__seed_42,11,-66.3821734972426,-66.3821734972426,True,improvement
equity_priority,Equity Priority,0.75,0.75,1.5,42,64,equity_priority__iter_064__seed_42,12,-71.0536737208781,-71.0536737208781,True,improvement
equity_priority,Equity Priority,0.75,0.75,1.5,42,64,equity_priority__iter_064__seed_42,13,-74.85247894188304,-74.85247894188304,True,improvement
equity_priority,Equity Priority,0.75,0.75,1.5,42,64,equity_priority__iter_064__seed_42,14,-78.56171942214024,-78.56171942214024,True,improvement
equity_priority,Equity Priority,0.75,0.75,1.5,42,64,equity_priority__iter_064__seed_42,15,-85.86609372065844,-85.86609372065844,True,improvement
equity_priority,Equity Priority,0.75,0.75,1.5,42,64,equity_priority__iter_064__seed_42,16,-89.7466135386304,-89.7466135386304,True,improvement
equity_priority,Equity Priority,0.75,0.75,1.5,42,64,equity_priority__iter_064__seed_42,17,-98.04942589108784,-98.04942589108784,True,improvement
equity_priority,Equity Priority,0.75,0.75,1.5,42,64,equity_priority__iter_064__seed_42,18,-102.4137559094578,-102.4137559094578,True,improvement
equity_priority,Equity Priority,0.75,0.75,1.5,42,64,equity_priority__iter_064__seed_42,19,-106.68283886081545,-106.68283886081545,True,improvement
equity_priority,Equity Priority,0.75,0.75,1.5,42,64,equity_priority__iter_064__seed_42,20,-113.96504307346719,-113.96504307346719,True,improvement
equity_priority,Equity Priority,0.75,0.75,1.5,42,64,equity_priority__iter_064__seed_42,21,-118.22840536129488,-118.22840536129488,True,improvement
equity_priority,Equity Priority,0.75,0.75,1.5,42,64,equity_priority__iter_064__seed_42,22,-125.51069977136207,-125.51069977136207,True,improvement
equity_priority,Equity Priority,0.75,0.75,1.5,42,64,equity_priority__iter_064__seed_42,23,-132.85116250141294,-132.85116250141294,True,improvement
equity_priority,Equity Priority,0.75,0.75,1.5,42,64,equity_priority__iter_064__seed_42,24,-137.08688110702585,-137.08688110702585,True,improvement
equity_priority,Equity Priority,0.75,0.75,1.5,42,64,equity_priority__iter_064__seed_42,25,-144.42795016766144,-144.42795016766144,True,improvement
equity_priority,Equity Priority,0.75,0.75,1.5,42,64,equity_priority__iter_064__seed_42,26,-147.4110030253601,-147.4110030253601,True,improvement
equity_priority,Equity Priority,0.75,0.75,1.5,42,64,equity_priority__iter_064__seed_42,27,-147.7888289164748,-147.7888289164748,True,improvement
equity_priority,Equity Priority,0.75,0.75,1.5,42,64,equity_priority__iter_064__seed_42,28,-148.02331273773007,-148.02331273773007,True,improvement
equity_priority,Equity Priority,0.75,0.75,1.5,42,64,equity_priority__iter_064__seed_42,29,-148.0966631623313,-148.0966631623313,True,improvement
equity_priority,Equity Priority,0.75,0.75,1.5,42,64,equity_priority__iter_064__seed_42,30,-148.3304461648093,-148.3304461648093,True,improvement
equity_priority,Equity Priority,0.75,0.75,1.5,42,64,equity_priority__iter_064__seed_42,31,-148.5604786244633,-148.5604786244633,True,improvement
equity_priority,Equity Priority,0.75,0.75,1.5,42,64,equity_priority__iter_064__seed_42,32,-148.8121362356401,-148.8121362356401,True,improvement
equity_priority,Equity Priority,0.75,0.75,1.5,42,64,equity_priority__iter_064__seed_42,33,-149.02319172750347,-149.02319172750347,True,improvement
equity_priority,Equity Priority,0.75,0.75,1.5,42,64,equity_priority__iter_064__seed_42,34,-149.25339035732338,-149.25339035732338,True,improvement
equity_priority,Equity Priority,0.75,0.75,1.5,42,64,equity_priority__iter_064__seed_42,35,-149.4936437478595,-149.4936437478595,True,improvement
equity_priority,Equity Priority,0.75,0.75,1.5,42,64,equity_priority__iter_064__seed_42,36,-149.72915009235226,-149.72915009235226,True,improvement
equity_priority,Equity Priority,0.75,0.75,1.5,42,64,equity_priority__iter_064__seed_42,37,-149.8121045131781,-149.8121045131781,True,improvement
equity_priority,Equity Priority,0.75,0.75,1.5,42,64,equity_priority__iter_064__seed_42,38,-150.02881217575327,-150.02881217575327,True,improvement
equity_priority,Equity Priority,0.75,0.75,1.5,42,64,equity_priority__iter_064__seed_42,39,-150.1933500561695,-150.1933500561695,True,improvement
equity_priority,Equity Priority,0.75,0.75,1.5,42,64,equity_priority__iter_064__seed_42,40,-150.43012058462006,-150.43012058462006,True,improvement
equity_priority,Equity Priority,0.75,0.75,1.5,42,64,equity_priority__iter_064__seed_42,41,-150.49432627859085,-150.49432627859085,True,improvement
equity_priority,Equity Priority,0.75,0.75,1.5,42,64,equity_priority__iter_064__seed_42,42,-150.64098029522663,-150.64098029522663,True,improvement
equity_priority,Equity Priority,0.75,0.75,1.5,42,64,equity_priority__iter_064__seed_42,43,-150.81298418664986,-150.81298418664986,True,improvement
equity_priority,Equity Priority,0.75,0.75,1.5,42,64,equity_priority__iter_064__seed_42,44,-151.0077748045723,-151.0077748045723,True,improvement
equity_priority,Equity Priority,0.75,0.75,1.5,42,64,equity_priority__iter_064__seed_42,45,-151.17606672487736,-151.17606672487736,True,improvement
equity_priority,Equity Priority,0.75,0.75,1.5,42,64,equity_priority__iter_064__seed_42,46,-151.3330407067792,-151.3330407067792,True,improvement
equity_priority,Equity Priority,0.75,0.75,1.5,42,64,equity_priority__iter_064__seed_42,47,-151.5652935222329,-151.5652935222329,True,improvement
equity_priority,Equity Priority,0.75,0.75,1.5,42,64,equity_priority__iter_064__seed_42,48,-151.8282869690141,-151.8282869690141,True,improvement
equity_priority,Equity Priority,0.75,0.75,1.5,42,64,equity_priority__iter_064__seed_42,49,-152.10992706415757,-152.10992706415757,True,improvement
equity_priority,Equity Priority,0.75,0.75,1.5,42,64,equity_priority__iter_064__seed_42,50,-152.17502277043155,-152.17502277043155,True,improvement
equity_priority,Equity Priority,0.75,0.75,1.5,42,64,equity_priority__iter_064__seed_42,51,-152.39949553167648,-152.39949553167648,True,improvement
equity_priority,Equity Priority,0.75,0.75,1.5,42,64,equity_priority__iter_064__seed_42,52,-152.48367329280742,-152.48367329280742,True,improvement
equity_priority,Equity Priority,0.75,0.75,1.5,42,64,equity_priority__iter_064__seed_42,53,-152.68380887714596,-152.68380887714596,True,improvement
equity_priority,Equity Priority,0.75,0.75,1.5,42,64,equity_priority__iter_064__seed_42,54,-152.82010461518146,-152.82010461518146,True,improvement
equity_priority,Equity Priority,0.75,0.75,1.5,42,64,equity_priority__iter_064__seed_42,55,-153.01284763445935,-153.01284763445935,True,improvement
equity_priority,Equity Priority,0.75,0.75,1.5,42,64,equity_priority__iter_064__seed_42,56,-153.22813670098753,-153.22813670098753,True,improvement
equity_priority,Equity Priority,0.75,0.75,1.5,42,64,equity_priority__iter_064__seed_42,57,-153.3008017384518,-153.3008017384518,True,improvement
equity_priority,Equity Priority,0.75,0.75,1.5,42,64,equity_priority__iter_064__seed_42,58,-153.52466862369016,-153.52466862369016,True,improvement
equity_priority,Equity Priority,0.75,0.75,1.5,42,64,equity_priority__iter_064__seed_42,59,-153.710589792521,-153.710589792521,True,improvement
equity_priority,Equity Priority,0.75,0.75,1.5,42,64,equity_priority__iter_064__seed_42,60,-153.87977248999042,-153.87977248999042,True,improvement
equity_priority,Equity Priority,0.75,0.75,1.5,42,64,equity_priority__iter_064__seed_42,61,-153.98956621189978,-153.98956621189978,True,improvement
equity_priority,Equity Priority,0.75,0.75,1.5,42,64,equity_priority__iter_064__seed_42,62,-154.1973399579965,-154.1973399579965,True,improvement
equity_priority,Equity Priority,0.75,0.75,1.5,42,64,equity_priority__iter_064__seed_42,63,-154.24699629871267,-154.24699629871267,True,improvement
equity_priority,Equity Priority,0.75,0.75,1.5,42,64,equity_priority__iter_064__seed_42,64,-154.55337644796398,-154.55337644796398,True,improvement
